filename,category
10228751.pdf,FITNESS
10395944.pdf,AVIATION
10659182.pdf,TEACHER
10712803.pdf,DESIGNER
10876132.pdf,ARTS
10889157.pdf,CHEF
11130200.pdf,ARTS
11163645.pdf,BANKING
11262933.pdf,BANKING
11393213.pdf,ARTS
11752500.pdf,AVIATION
11773767.pdf,ARTS
11797122.pdf,AVIATION
11813872.pdf,ARTS
11902276.pdf,PUBLIC-RELATIONS
11919526.pdf,DESIGNER
12059198.pdf,ARTS
12059610.pdf,ARTS
12155206.pdf,TEACHER
12202337.pdf,BANKING
12334650.pdf,CHEF
12374933.pdf,INFORMATION-TECHNOLOGY
12488356.pdf,FITNESS
12613221.pdf,HEALTHCARE
12666174.pdf,DESIGNER
12763627.pdf,CONSULTANT
12858898.pdf,ARTS
12938389.pdf,BANKING
13130984.pdf,ACCOUNTANT
13195436.pdf,AVIATION
13313917.pdf,ARTS
13330982.pdf,TEACHER
13342150.pdf,HEALTHCARE
13503650.pdf,FITNESS
13774329.pdf,DESIGNER
13807808.pdf,APPAREL
13915715.pdf,ARTS
14206561.pdf,INFORMATION-TECHNOLOGY
14248724.pdf,ARTS
14267489.pdf,ARTS
14626780.pdf,BANKING
14663897.pdf,CHEF
14861855.pdf,ARTS
14910300.pdf,PUBLIC-RELATIONS
15083600.pdf,ARTS
15226699.pdf,ARTS
15375009.pdf,HR
15564893.pdf,ARTS
15603319.pdf,ARTS
15651486.pdf,ARTS
16038911.pdf,ARTS
16280971.pdf,APPAREL
16356151.pdf,HEALTHCARE
17199951.pdf,DESIGNER
17276884.pdf,ARTS
17311685.pdf,TEACHER
17392859.pdf,BANKING
17510973.pdf,ARTS
17562754.pdf,DIGITAL-MEDIA
17641670.pdf,INFORMATION-TECHNOLOGY
18062906.pdf,ARTS
18297650.pdf,ARTS
18319061.pdf,TEACHER
18589927.pdf,ARTS
18784594.pdf,HEALTHCARE
18975686.pdf,BANKING
19336728.pdf,APPAREL
20969119.pdf,FITNESS
21531811.pdf,TEACHER
24727739.pdf,ARTS
28790806.pdf,CONSULTANT
41152404.pdf,ENGINEERING
